Country Name,Country Code,2000 [YR2000],2001 [YR2001],2002 [YR2002],2003 [YR2003],2004 [YR2004],2005 [YR2005],2006 [YR2006],2007 [YR2007],2008 [YR2008],2009 [YR2009],2010 [YR2010],2011 [YR2011],2012 [YR2012],2013 [YR2013],2014 [YR2014],2015 [YR2015]
Afghanistan,AFG,0,0,0.113740161874088,0.867120277516642,2.48766749206092,4.78644517019363,9.73360444436721,17.5381616236848,28.9400601911825,37.4942004506374,35.4677664438775,46.4440581664588,49.9727530004765,52.9664731356239,56.1913326873846,58.420528226792
Albania,ALB,0.954237228416673,12.5752303991022,27.2841323373396,35.3583488293976,40.6614872034417,49.6964937731778,62.530387178076,76.8024942566025,62.1607266355601,83.1604635738118,91.5609287457172,105.922828727228,119.861412809897,126.2764912925,115.02611464423,116.337512554082
Algeria,DZA,0.275785459436128,0.316534298881118,1.40723035684962,4.46533977765498,14.8713098094563,41.0393404772955,62.164742850469,80.3576091201664,77.541358517747,92.2856975291098,90.7594397717658,96.7309982374042,99.8984609610959,103.073884200456,110.699326339346,108.417322255621
American Samoa,ASM,3.46308304793032,3.70605930382467,3.46665304524016,3.55227768662145,3.79657127429806,,,,,,,,,,,
Andorra,AND,36.0039761431412,43.7014597347827,46.8100900798013,70.90951326829,76.5515975027543,81.8593328007912,85.1995900779099,76.8029703808522,76.5576370422485,76.4237171745874,77.555684495968,77.6635502859667,77.4769200907426,79.1342773679259,83.61334460952,91.4399979490861
Angola,AGO,0.156961980968953,0.441611171844096,0.796692632966151,1.92272100840235,3.92245913168628,8.2399413846036,15.0753126517744,23.6289644664196,31.1283848558463,35.9626780972584,40.2384025319555,49.8510873786287,50.9445034397706,51.1001779344374,52.2002776623555,49.8380415448268
Antigua and Barbuda,ATG,26.3208269525268,29.3920547397627,44.2874365335126,52.8106491929479,61.1849485026683,96.3553045835994,122.010830444846,122.980707149189,147.702156188499,144.179908314722,177.443720222689,183.879898452763,131.623216260062,116.901782793588,121.406826801517,176.135624430812
Argentina,ARG,17.5078146225488,17.9917787671695,17.3313517749173,20.4707912388765,34.8898475693579,56.6002038344751,79.6543836290654,101.079671207247,115.170932556764,128.636134343815,138.468978509039,145.768791272145,152.809097635805,158.348927507512,142.466397473426,142.434809806539
Armenia,ARM,0.569652995776632,0.836017183195084,2.35172782727957,3.79013760327867,6.77558444743939,10.6681103520358,42.5811052898428,63.9746053263218,49.5835940884802,75.8676223367574,134.339110370759,111.671867354806,115.299338427619,115.647644434491,119.025297465436,118.770976533708
Aruba,ABW,16.5101867852465,57.0518202760016,65.0581101566448,72.1028273395384,99.6475485380354,103.384950665294,108.130355442717,112.21695317131,119.193314455418,126.166796447616,129.636369001367,,131.608450237383,134.513068506692,134.592225059011,135.133840005367
Australia,AUS,44.9075485120323,57.7729503330638,65.0571283229007,72.8386068681014,82.6130218073814,91.012837998186,96.0453894178784,101.495875429138,103.642999906337,102.120424820967,101.71760805032,105.823899937895,106.643418769443,107.728789015672,106.75337346624,108.279330925333
Austria,AUT,75.8060574455503,80.7755440154473,82.808689798353,88.9693208732252,97.2640825722407,104.98385562751,112.025309198182,119.252391454397,129.712309945262,136.606309314247,145.553795867252,153.933656616702,159.529479610799,154.725312440908,150.032143279101,155.215524706184
Azerbaijan,AZE,5.17559282020687,8.90539409479658,9.59524659554199,12.6426816501959,17.2392394638723,26.2572134139929,38.5101379516917,51.7978282279022,74.2243061251602,86.920285011654,100.749032073997,110.646027242038,109.285382696898,107.935916332074,111.035082810813,111.225888184477
"Bahamas, The",BHS,10.5824297559502,19.9762482062447,39.384196379186,38.7108625287415,57.6719396265727,69.1789496703103,75.3318643361225,109.251653385058,102.688455758354,101.114818405212,118.719237761618,81.5101154492482,80.6367074419617,76.0788887710741,82.3829248316844,80.4406495742404
Bahrain,BHR,30.9543584697283,42.9485240463394,52.9131549021422,56.9028818136639,78.2991584000926,86.2719980925989,94.6806912252951,107.7313153604,129.265649252191,118.307146913704,126.283180563189,132.495585827396,163.349886980404,168.022770069583,174.274111659933,183.623998163071
Bangladesh,BGD,0.21203630064507,0.387749617544656,0.786965410644737,0.981880167589465,1.96844485715828,6.27478973336473,13.1603808772115,23.3588344250173,29.9988278683789,34.1360637249052,44.6429759407979,54.8162235859633,62.4040576944585,73.9684713634258,79.5871327448321,81.4981401529021
Barbados,BRB,10.54931127639,19.6209616343721,35.801427740001,51.4218131331311,73.2861939792963,75.2493531234376,86.2128643574184,93.2811877602752,104.090235432841,121.04032750386,125.214526646374,123.989935887613,124.046380311451,108.919715832062,107.78834447836,117.794502088193
Belarus,BLR,0.49682849405488,1.40108929833715,4.71728126020941,11.478375787239,23.1405360930595,42.6075110821622,62.2451512750387,72.9799649025088,85.4919219705299,102.107905988875,109.076560283355,112.952421186038,112.719334271564,117.254509013808,120.211978026856,120.688975024911
Belgium,BEL,54.7459826281437,74.5904237602431,78.1656236417481,82.5972508770489,87.1336169243149,91.0666427986422,92.7285924181278,100.376580868933,105.218684216312,108.424728989742,111.110074022243,113.464449509733,111.095948500255,110.435401046961,113.508701764775,113.165821221587
Belize,BLZ,6.79780846289145,15.3558654660685,19.7283815015675,22.4438003938617,27.1651532657947,33.8890908898357,40.5851135179383,39.6485337140215,52.2698544902259,51.5349012037754,60.3843809855476,67.5614838756713,51.2095301172257,50.7334803490024,48.9914527970338,58.990559105787
Benin,BEN,0.807987123706534,1.76635178973122,2.99874139765447,3.14039322895717,5.9267324249123,7.46993476129776,12.84824585829,24.2676134750108,41.6856504075698,56.2718215668575,76.9074335226348,82.0776716392543,86.4190330922711,96.2316372982386,84.1904779680816,88.1051181018976
Bermuda,BMU,20.3036171674892,20.7281998662998,46.432440798638,61.6617851086789,75.3093060785368,80.9458007062797,92.3720086685213,106.330518399803,122.243713733075,132.186678693063,137.907311276503,,144.035201570142,150.228608752449,95.3656503478568,61.2873570633679
Bhutan,BTN,0,0,0,0.36170629128344,2.98899547386933,5.48246448962063,12.2098454690968,21.753731669185,36.1550752550111,47.4398775015466,54.1910090278036,65.3858827024618,74.4906483285456,71.1587911017686,80.4350065941312,85.8215665505864
Bolivia,BOL,6.98626010730604,9.1794088655456,11.8258661823838,14.5151309472193,20.0807427422358,26.5347229915941,30.9817895165681,34.4694095521829,52.4862094271216,66.2420015354429,72.3847331008862,82.8833966059699,92.7161177005107,100.244609175306,98.9413338693349,94.7609188318
Bosnia and Herzegovina,BIH,2.47924844678613,11.7920315733315,19.830992420958,28.4392631653872,37.221215951077,42.1619556105598,49.9493579519657,64.9291202967674,84.4679786555369,86.9394359253726,83.5616015114114,85.9690717876637,92.0328107011677,96.7633832908137,97.902020245642,97.3856894914848
Botswana,BWA,12.8556881169214,18.933122879195,18.6670097468866,24.6615519589168,28.5809558690887,30.3786077769132,43.6818491082337,60.162587611666,76.3372587986442,94.6572068436402,117.298668993372,141.383896079585,147.499347872389,152.538234546562,157.269642294726,157.311774368696
Brazil,BRA,13.228644079629,16.1719609833257,19.3620684503365,25.4124944571976,35.5123674356966,46.122166255065,52.8635235870118,63.3315358004235,78.0610223715034,86.9107562373934,100.067942853124,117.95330092774,123.81456217733,133.93687626919,137.468531957737,125.175585210072
British Virgin Islands,VGB,,,37.1591806400669,,,,,83.7006186567466,89.8297141071708,177.831133966045,174.566558918601,167.008350955163,170.833771791364,183.803689427313,185.088549411924,189.93457974961
Brunei Darussalam,BRN,28.5078966873824,42.0455313906685,44.2956522240513,50.1897342588479,56.3118354041327,63.7806100372989,81.4044564483457,97.6722224593453,105.169386054655,107.5852328987,111.949200076159,112.473700106342,117.509030689334,115.552258229895,109.800730622,110.97901528469
Bulgaria,BGR,9.22755257173015,19.5446820433297,33.0221154459791,44.8606148658597,61.0818770998897,81.2742662677128,108.242103334588,130.798780327448,138.862215260552,140.219687957264,137.751610825177,142.397766350702,147.471507306799,144.324532100327,131.35885529853,128.105415947511
Burkina Faso,BFA,0.217480411256362,0.637828666658797,0.903051305203732,1.88147871042523,3.03853960636715,4.72028985399268,7.35116052097677,13.0370141890754,20.5868373583006,25.2532857753588,36.5765500088849,47.7685975491459,60.2014058594131,65.8412017813444,71.0474658303033,79.7702884229721
Burundi,BDI,0.254971873415214,0.509714332085233,0.771333794848054,0.920451026755929,1.40007916517634,2.06108101139535,2.60574843739781,3.40068666161266,5.85202813742958,10.8463380567228,19.140440268144,21.1708332651445,24.1115442433295,26.4248109359548,32.2818923571972,49.0005265082697
Cabo Verde,CPV,4.53457877764728,7.10071306871963,9.49976332983858,11.592382434309,14.0656539737932,17.2201185501731,22.641250428977,31.2911409059325,56.4687842545498,58.4794038992843,74.0212666008472,78.0269137731835,82.7485169627553,96.0300400303015,116.514986598586,114.740679998424
Cambodia,KHM,1.07425277440075,1.80172131799843,3.00758330471512,3.8775631511841,6.59477254618006,8.00289309860491,12.7771079111052,18.8884696029954,30.524817209513,44.4847939789107,56.9635341756157,94.6286138163417,129.290710222316,134.892694332015,133.928775132131,134.36675756325
Cameroon,CMR,0.676164840737676,2.66269106536803,4.36128052135402,6.52180942727855,9.02683347051647,12.9299954450988,17.5196800904961,24.658353242761,32.5852350620468,41.1892608383021,43.2470602255978,51.1032435112159,62.1754096773595,72.3350210325542,76.6148046322502,79.5316275943941
Canada,CAN,28.393624588521,34.3242288120329,37.9044158037788,42.023148870965,47.0118124534166,52.7025846770222,57.4324478519739,61.4095752831956,66.1362039683938,70.470609929952,75.5821093172259,77.7101066742037,79.4253296602461,80.4413609850039,80.8572389599494,82.796219574406
Cayman Islands,CYM,25.667474272555,39.2464678178964,42.4694890249899,45.7113061614669,71.4602845726125,166.478137468636,185.003297955268,197.146630926714,185.755583267203,200.259768971425,181.180751977228,171.047561816222,171.816490794986,167.953264463518,153.888663557088,155.502559911946
Central African Republic,CAF,0.132277457226205,0.287041161441604,0.322447571560329,1.00460485751564,1.47964161107324,2.42253343701776,2.61795181921472,7.9517283315403,13.1173617257477,19.6093528267143,22.0125097644725,22.171806906511,25.4567505549597,30.2312200518573,25.592905333579,27.330986999846
Chad,TCD,0.06592701352187,0.253953243975652,0.379928700047291,0.694949247856429,1.26672971479117,2.08602177667667,4.47232799349274,8.52246553080317,14.3705763885502,19.8327605155829,24.1882320162474,29.8296452556102,34.6496278866773,34.7296005684356,38.7013817374014,39.0151750112585
Channel Islands,CHI,,,,,,,,,,,,,,,,
Chile,CHL,22.2864431936727,33.0255308379059,39.9670755237178,46.0031119889425,57.9786760527159,65.4581662647773,76.2926451513598,84.6196147186155,88.804732365531,97.7466929681923,116.823565259689,130.092599366993,138.309210314236,135.49426438165,134.444132946228,130.646679969088
China,CHN,6.6443320165695,11.2182025299349,15.8630534010178,20.6647727085398,25.4811335251777,29.7668740739467,34.6866420099891,40.9414865975522,47.6969456401434,55.2645243959093,63.173361051305,72.1219183898949,80.8723179789639,88.8862477291362,92.5173289187736,92.4808728658819
Colombia,COL,5.58559386681869,7.9662061754315,11.0568163933212,14.6758963735919,24.3435500421623,50.4786253101895,67.8960300916225,76.4877642087455,92.1232307735342,92.8294983675532,96.8630145974908,99.55561321971,104.660442104264,106.235629733582,115.773298958479,118.865890156643
Comoros,COM,0,0,0,0.342929059980007,1.40281433556364,2.53798475214469,5.8868978728499,9.67924939995636,13.9587571455307,18.2095262992163,23.9640303207809,30.6322524764036,39.1661186846221,46.8644639244774,50.4355498199201,54.6401963407356
"Congo, Dem. Rep.",COD,0.031863107931371,0.309953614821635,1.12369119071857,2.42503249608732,3.75365587088803,5.01556158960902,7.80904646199333,11.2842778341212,16.4602089045266,15.1556523464761,18.3195136922942,23.4508071870267,29.1288227281582,39.5870308714451,50.3276161559657,49.5465317168469
"Congo, Rep.",COG,2.17005344841643,4.52378697668078,6.50978228329586,9.42179043140094,10.6409510741965,15.0122517543904,23.8784967071062,32.3830819320535,43.9078736512665,69.3113214999041,84.7733816795477,86.084410102089,92.4411491178222,98.0714918761719,101.211204612674,104.410879229281
Costa Rica,CRI,5.39083104760405,8.18014820864102,12.3665462034395,18.8634142120727,22.0462293392131,25.9262293480382,33.5062896949819,34.5172147920033,42.5909604407532,43.4537370024885,68.8268269501549,90.2747629918134,115.555243287563,151.112941714911,147.562823497265,156.735253081834
Cote d'Ivoire,CIV,2.8343287751143,4.27546068837884,5.91401257949421,7.24401993172262,9.30301352314385,12.8130463376396,21.7408761280755,39.1267477982878,53.5903349197194,66.1319520317795,76.4609132610024,83.0054264327533,84.5037932679363,88.275637712876,98.1058613886873,109.949329406116
Croatia,HRV,23.3284372973159,39.8132520280939,52.6090814931188,57.8111464574866,64.679556196281,83.3634646602363,100.560573949384,115.412081702491,104.649106200034,107.692387431342,113.867324006337,118.587990692199,115.706293875564,110.360661516675,104.787255906179,104.240871611439
Cuba,CUB,0.058614964967335,0.076690365977261,0.159128215212732,0.314418511171968,0.672738057295232,1.20108969552526,1.3519108538218,1.75387021951333,2.93318493045914,5.4879215648717,8.85035283084846,11.5823991419904,14.7744107306302,17.4874587797392,22.1224086119936,29.1006045317897
Curacao,CUW,,,,,,,,,,139.715701055352,138.22015066934,136.987774996182,133.805275026963,131.380612673101,123.037850132897,120.555028162775
Cyprus,CYP,23.1450237308476,32.694873845661,42.6515776980172,55.2779063499983,64.7982910358134,75.7809034792259,82.7791100757979,92.9655392979931,129.405498281787,121.115227357205,124.933067536547,128.497526501767,128.595323532816,127.581041884209,130.192451945617,131.790179100937
Czech Republic,CZE,42.2369337410203,67.6371630823417,83.9817432710402,94.8180520948891,105.303277414133,114.795047384642,120.468557492274,127.73158065795,132.19913018235,124.561934499842,122.757677610498,124.59130556553,127.724689954571,129.49478129226,131.273914882126,117.454305443672
Denmark,DNK,62.9737845133504,73.9103989464848,83.3411101583699,88.4931932025585,95.634657909169,100.507294572811,107.05056276258,115.320833417886,119.265778371147,123.65418504873,115.589024642276,128.485548569706,129.980358816966,124.714087030494,126.418462568464,124.44416513805
Djibouti,DJI,0.032051996700038,0.40943837338323,2.0101283667975,3.03184092062509,4.47381258822552,5.62435684975755,5.62880553825131,8.59140451839753,13.7128858450374,15.388365756895,19.4576488640022,22.2936541572886,24.11162241754,27.2249656513748,31.4690121513237,33.8953261434483
Dominica,DMA,1.7222573052414,11.0664561504234,17.4338336388634,33.9349150414449,59.4467099560949,73.626233593385,100.978716793537,125.440451021846,128.035568562343,138.286372123714,147.770156774916,151.878189575839,151.712842152018,129.247237569061,101.522438099426,105.593067439381
Dominican Republic,DOM,8.23849283548894,14.6034678582327,19.2544624635641,23.3270515714069,27.8376750165165,39.223416644601,49.1462265046891,58.0035169148284,74.8245528468783,88.3500082618754,89.8443774162115,87.4707978731627,87.9787295850792,89.4868701377725,79.7968526147422,83.5573497724344
Ecuador,ECU,3.81842130352416,6.68457463010849,11.9404363199067,18.0453950423342,26.2343938372335,45.476709423131,60.7486103434549,69.9729674231438,80.8750915898475,90.1334839896469,98.9691115115212,101.023630270228,106.725658000634,106.159365993666,104.418160420426,80.1752722683229
"Egypt, Arab Rep.",EGY,1.94532691534236,3.92239228584016,6.19188964536468,7.83641229639525,10.1391184109066,17.7519283513855,23.0313782736965,37.8359471378776,51.0002256717007,67.1220738897032,84.0126218786919,97.1216691472765,110.23255976031,111.020850579261,103.81589160682,100.253769075388
El Salvador,SLV,12.673404882997,14.5240013396632,14.9625027544891,19.2545132867847,30.5390387075003,40.0027965017521,63.5948978928017,100.886105392066,113.753855988437,123.283440405809,124.911649141408,134.292602736187,139.023597523711,143.852500257168,146.363085078319,147.867952965539
Equatorial Guinea,GNQ,0.813904086286856,2.34462190627139,4.80187032849295,5.97456705983637,8.5400866701526,12.7951703183739,15.147364926529,18.0869548441085,20.727345587033,21.9995138107448,41.9817391158065,48.1609993060375,48.2457517044694,47.1312466205181,45.7348170394821,45.3752757597697
Eritrea,ERI,0,0,0,0,0.518319618164304,1.01884426003784,1.5244988009781,2.0308513742701,2.56650938091534,3.27422422485125,4.21957985260224,5.40683265209434,6.69336854801066,7.62941631021987,8.7946911586384,9.79992473657802
Estonia,EST,39.8109658126011,46.7907185953587,63.7144435798116,76.4974954640111,92.0917594687455,106.613221131149,122.930681680905,125.130870965246,121.254792074715,117.570199800873,124.075258501226,135.953657234866,150.932046426464,145.844532219498,143.932798274218,144.720946445773
Ethiopia,ETH,0.026687274246092,0.040150523876005,0.071448235838954,0.070747671270733,0.208422432312861,0.535182602993,1.09916604533411,1.49196530600234,2.34961776472583,4.74348014305896,7.81504143488448,15.6881376159736,22.2013850238689,27.0286438738904,31.3145837613969,42.3654191016708
Faroe Islands,FRO,35.9113800837953,51.5233766780289,72.7187087860328,79.2637678742652,85.7819412998774,87.0498084291188,103.26974350495,107.680399603699,113.148396411261,117.47016509677,122.442842430484,120.299127715602,120.66329675749,118.470880259298,119.327627861267,108.675584601246
Fiji,FJI,6.78691309294731,9.93996693760148,11.021330381235,13.4555758558364,17.3751212800328,24.9447261373274,34.4038210756202,63.49309784718,71.145682642825,75.1202804803472,81.1582068724926,83.8440477645816,98.3073411508294,105.762207078429,98.9128545076461,108.272272905086
Finland,FIN,71.8708184382514,80.2923538389445,86.6381899012405,90.8175331536417,95.1511631123282,100.210556259861,107.435808525515,114.759983646702,128.385823648631,144.123342628353,156.361179041564,165.886037405631,172.178725951324,136.320093234468,139.248975725299,134.918749952116
France,FRA,48.7388639694058,61.7536752528557,64.0684953224468,68.871896274584,73.1589461045185,78.5316630167277,83.8765724949655,89.3435300782186,93.0088283783521,92.3915941739026,91.6833077515988,94.4310423138876,97.8317477157756,99.0677131198402,101.922962660069,103.450039662752
French Polynesia,PYF,16.8171357762436,27.8937137599317,21.3260083426528,24.1852079887645,38.1292820971105,47.0798710011535,58.9531167581991,67.09555860841,71.1097769958849,78.4171307435396,80.6101112687626,82.5765352445681,83.7683058339437,88.9835775496476,92.6090081456636,96.6307753250027
Gabon,GAB,9.74720620702091,11.8834565647779,21.5765650578758,22.5878781399033,35.8719547282117,52.5034815119954,62.1511388080651,78.498891681602,84.6127761386764,91.381524798425,98.1581626742917,139.663284624781,145.588755117921,151.063270145179,156.3528642175,146.181304803969
"Gambia, The",GMB,0.454603017914606,4.33571167143515,7.62573502553477,11.02500823368,12.5127540714714,17.1359447834239,27.1186656660101,52.001993352028,73.4078153209297,80.0747761594574,87.3650606418229,80.2332046659257,84.688409516543,99.4368921177804,119.075455248893,137.322296330382
Georgia,GEO,4.1240696060765,6.44941249896729,10.8893419937382,15.5320214837821,18.5436574314373,26.1739819063525,38.3854003337767,59.2117817076962,63.4737498830784,66.1660714752165,94.0113586603464,106.211270658046,114.384211773006,123.411519287379,135.278004461537,140.47061336335
Germany,DEU,59.1524442131841,68.8359799728826,72.4502470645568,79.3276783389959,87.2807009975897,97.0611023215346,105.042468972387,118.302990208663,130.065126568723,129.684686382658,109.277748868484,112.313764873543,113.980879929433,123.095833257604,122.138195201698,117.932453171631
Ghana,GHA,0.686660511389287,1.25528760367642,1.94120089806922,3.89072960234036,8.07660683020771,13.3439736284578,23.547876459662,33.4977179948804,49.6613965450344,63.2070901103677,71.1360762829662,84.2529053257179,99.5545727985829,106.377495606491,112.603430912707,126.920980997556
Gibraltar,GIB,17.8255291853752,31.226493274686,38.571519147857,50.1261034047919,57.6624028091297,62.3344241857566,68.1198910081744,73.823438941864,79.4329707931077,86.7823765020027,90.3913947392208,97.2908247268373,103.351872230319,,111.639931840884,121.073390206848
Greece,GRC,53.2430411127363,71.2040290411697,83.0384854003357,79.4783541557586,82.7323974604089,90.7902910167802,96.8343656322511,108.031133222627,120.838586341592,116.176973299494,107.397436922315,106.173439886263,117.419390333686,110.576038087499,107.810860202015,112.024184777764
Greenland,GRL,26.9052069425901,28.1960693805813,35.2524859336848,52.4599703745503,68.6463481120628,81.6140190690243,94.6095381860947,116.640609903912,98.1967241955631,94.2532788041179,101.25534093718,103.872542085161,105.285992562423,107.065622008721,107.83583413146,108.200152544477
Grenada,GRD,4.2314921422175,6.29755814981001,7.39764936336925,41.3118437118437,42.1923706359102,45.5157408036989,44.7350836246719,49.6022628540536,57.7523333012605,109.710823042111,116.497415860218,115.017844396859,123.161517240072,125.579506935199,110.145731477999,112.117240669144
Guam,GUM,17.5112181241108,20.8438564970812,44.8544615874026,50.597917749851,61.9864768278104,,,,,,,,,,,
Guatemala,GTM,7.35430349806875,9.61380454049855,12.9175578236374,16.2775855451288,24.7579477100944,34.4384343100061,53.5846884617819,86.8417126474586,106.727469494943,120.894157167876,123.495933164448,130.30443873567,136.12077645449,139.241209437111,106.20622563084,111.499579539772
Guinea,GIN,0.478081172534037,0.620545507097817,0.993417672201279,1.19765650309221,1.63220508166874,1.95253077431275,,19.8083992961283,26.6391763282923,33.0506519001899,37.0570409767495,44.046353613039,49.5033049330721,64.4597310389573,73.5546430060745,89.0209702938411
Guinea-Bissau,GNB,0,0,0,0.096503032844334,2.92154967804524,7.15688589103139,11.1370745730245,20.4862796844722,33.7751318338701,36.9268007865838,43.5358125305293,45.8999570216909,64.0478616283478,55.8972224121987,64.2214024791626,69.9505683621703
Guyana,GUY,5.28739507846133,10.0124557501831,10.5601395960015,18.3485689432964,22.8371640067478,37.4684730992641,53.3617217693146,72.041226471481,59.9974005579421,65.5139581570432,75.0642952437593,70.5856360966493,72.6402254176454,73.2157909247165,74.2612258692443,70.603528367733
Haiti,HTI,0.643335048893464,1.05262346554246,1.58465456737629,3.56484316026911,4.38636026185694,5.39974290228516,12.7531269870302,26.159140280901,32.9725959603006,37.0247450742778,40.0015320586778,41.3994839258618,59.2362970529322,68.6383603328906,64.027749060626,68.1538458234903
Honduras,HND,2.3798936986639,3.55037851888695,4.75740246070431,5.39339855250795,9.816573856774,17.379455694297,29.7127087442315,54.2922833658451,78.889632954969,104.427293967247,115.989365422712,96.5351429666172,86.6487272101378,89.7138817838512,87.6932975647322,89.8174488097028
"Hong Kong SAR, China",HKG,81.7471315287378,85.9282514065858,94.6184409447398,108.354221430192,120.747399853321,125.139925079393,137.6621339705,155.856817170714,166.853170954724,180.390667870305,196.345837376504,216.435386434544,230.60253160567,237.433929102754,235.725991974773,230.818798622797
Hungary,HUN,30.0974821473839,48.7289343099204,67.7242101395454,78.3338638029982,86.2789729513782,92.4010542841323,99.1032426048119,110.036455917749,122.349285135991,118.410921561748,120.99130324421,118.101597016994,117.323158471943,117.767555737593,119.495472232427,120.460919314079
Iceland,ISL,76.6295219926186,87.7076212324191,91.2763862067999,97.1238261932544,99.6441134439925,95.9756457239329,100.731997010623,106.847313237221,108.37547123686,107.475497174819,106.47742314128,106.390182364618,108.167703962203,108.939574166205,112.661549843359,116.253486069349
India,IND,0.339688704433694,0.610371924112235,1.19287164277563,3.04053729884233,4.63709626019634,7.8785533396512,14.2902912237339,19.8036547735587,28.9763936457102,43.2432608002253,61.1049389725968,71.6674676818529,68.4620612322595,69.3203850502989,72.9606906545125,76.4717128013315
Indonesia,IDN,1.73457481264728,3.03997638262732,5.37911103330659,8.38614933625356,13.5664667478918,20.6913709697731,27.7599695980914,40.0820744688698,59.5268775298922,68.386660863943,87.1213273081293,101.667880637153,113.291547499672,124.280483090373,127.613920287167,131.292828394227
"Iran, Islamic Rep.",IRN,1.45556935391529,3.11097549863097,3.35250273853899,5.01342825997865,7.29084951829364,12.0850527402654,21.600093951975,41.3293685090453,59.0290068814369,71.3213959505922,72.4870164970372,74.2374242468518,76.0690912893098,84.2589209604746,87.8589358250488,93.5211183872901
Iraq,IRQ,0,0,0.080194715978184,0.312163132082542,2.18113207518491,5.67600644332254,33.7403447595617,49.3871720801159,60.2134894361205,67.2925578795833,75.625375028025,80.4329352619041,81.6314799983195,95.7703306466976,94.2693383549372,92.9209385106163
Ireland,IRL,63.9424066248594,75.9728165681109,75.4472513057404,86.4294203771434,93.4907886141783,101.353508457321,108.987491198758,113.020384154606,112.440737893825,102.986670064167,101.61113378034,105.2282867486,107.172950142119,104.246612588256,104.828344977442,104.29568943856
Isle of Man,IMN,,,,,,,,,,,,,,,,
Israel,ISR,73.1657715222521,89.7396864033621,100.973236516684,104.234147499992,111.642419869939,117.477438183121,124.404182193569,128.591724164829,126.553207437643,124.134979935731,122.691224123376,121.552050569881,119.819121832992,121.466212255174,119.627331898729,131.067498273617
Italy,ITA,73.735828748145,89.1136106720148,93.7687661879794,97.6318019437517,107.274668831558,121.58109910776,136.117431133776,151.40058055238,151.827527585659,150.955883278811,156.816324552999,160.711223401889,162.70280591733,162.336775155862,150.89972474589,147.369799637041
Jamaica,JAM,13.8114709672757,22.3318469741066,46.1881261950712,58.1144187065048,67.3397642973391,72.1930809243943,82.4065248476694,96.7163724158853,97.6058752986429,105.419919959545,112.948448997412,104.096210875941,95.5630286885708,99.8032475549713,105.010434693285,109.236946252943
Japan,JPN,52.3659640264841,58.579001033271,63.4219423360196,67.6633814743463,71.3449877155028,75.1809119588618,77.7261332084184,83.5288824111942,85.8767481494511,90.4553162573821,95.9045730901175,103.311709883878,109.891188713995,115.255418550213,123.168736237678,125.461837619826
Jordan,JOR,7.6217733038351,16.6675652288773,23.0657166503262,24.5575041682309,29.3393935069311,54.9114289169391,73.1872296196037,77.0465661401368,81.8753426519248,88.1727564814907,92.1698766009643,98.7804264665754,112.407506318679,122.588936019694,125.91688834512,150.64431765652
Kazakhstan,KAZ,1.31032239841731,3.8696883125639,6.79878283913067,8.73622378724193,15.9041554626972,34.7329082466335,49.5558338066981,77.7880175022907,93.1842322089326,105.431464080039,118.315924116237,151.620254959039,178.683766657158,176.465662133134,163.517619933326,148.224347885659
Kenya,KEN,0.40509393766703,1.85635052254101,3.57416052967289,4.6608417510351,7.25919318273214,12.7938669375922,19.8108255818504,29.7995040633007,41.6455495926068,48.1260054749331,60.3840367987039,66.0928693706773,70.4103723565914,71.0065590378659,73.0758915137129,79.8453239067895
Kiribati,KIR,0.355424969788878,0.460061962775746,0.566731163344515,0.591709319984251,0.67924278235515,0.704034660167885,0.742626776999788,0.778727248185565,1.01584721657863,9.85104605838835,10.3212796633285,13.1745910411252,16.8834945081744,18.427235454001,27.1596443897228,36.4745967777807
"Korea, Dem. People¡Çs Rep.",PRK,0,0,0,0,0,0,0,0,0,0.283125293478675,1.75636809952862,4.04493142182818,6.83993592348027,9.68543314057454,11.1481108948776,12.8347752054485
"Korea, Rep.",KOR,56.5910214747246,60.8759144403802,67.3734760529919,69.5985494755561,75.4381405137189,78.7179349837052,82.2096744621143,90.4340977492166,92.6613663406509,97.0939469098006,102.450688260041,105.552624252586,107.351387457188,108.992756956543,113.703918344859,116.487082907737
Kosovo,XKX,,,,,,32.3020993490725,32.3020993490725,32.3020993490725,32.3020993490725,32.3020993490725,32.3020993490725,,,,,
Kuwait,KWT,23.2111222236255,41.6203057332692,57.2339356656978,65.4643961278271,80.3721026713147,60.7076358272758,49.6190569134692,56.9780818962935,56.5505176561074,92.8864725345245,132.722976648745,154.624918247938,150.19631541933,178.13546910628,200.927969966556,148.542708281988
Kyrgyz Republic,KGZ,0.182900137744126,0.544070737256151,1.06366117530512,2.7588104309645,5.22784263136698,10.672146716108,24.6113409522249,41.7812328988847,64.4968905196099,84.0162328318649,97.2915737254988,113.992424728067,121.518068653662,118.538258153689,130.978570510754,129.222861318433
Lao PDR,LAO,0.237948520106941,0.545657566771717,1.00340659814421,2.01222082508312,3.60468205638345,11.4272684899234,17.2594213790373,24.8480996042379,33.4115915065456,52.5783984358999,64.0925294023285,86.5376529548415,67.0286316697191,71.0227348839959,70.2297321770568,55.9300788854447
Latvia,LVA,16.8307284359333,27.8476027027016,39.3225785983403,52.8911103641942,67.4335137601997,83.1090643224216,98.1338050163961,100.841021087842,105.834988196867,107.378470886944,108.837443743015,110.346844648943,127.31833637086,125.34398544873,118.246636493273,129.976819964038
Lebanon,LBN,22.9649443061465,22.8210171914952,22.0022669229374,21.4904156841725,22.8937062853797,24.920839800424,27.2697943238814,30.8334879086232,34.711352120275,57.1414740449555,66.0265368361324,75.3350646678732,76.3803991697997,73.6293005707623,78.298349948307,79.5978418447712
Lesotho,LSO,1.15588438801541,3.0223414662598,7.25185984212895,6.56640409739445,10.1468769134025,12.812541195552,18.2082677489823,24.3383021731969,29.6618381643358,32.735591016086,48.3912433455474,59.7022720071932,73.9171397292155,84.5531300519845,99.6739654718436,98.4133502249792
Liberia,LBR,0.052001683467833,0.066864317589461,0.163245956479281,1.5162537589455,2.97096033451559,4.9061243763856,8.29423686800137,16.0264986626556,23.3313850176618,28.4679005375272,39.7988412220991,49.6450637037743,56.9141251728122,59.5100752608724,73.4559596714629,81.162391232506
Libya,LBY,0.746860711037537,0.919022028222799,1.26639185963313,2.26141533973225,8.76461214224825,34.5262855517162,66.7789748590267,75.3723141075868,121.906821620339,155.759000943138,176.685891388427,161.459568667221,154.672490238386,165.192859229467,136.958931082438,156.329596604947
Liechtenstein,LIE,30.0426605780208,32.6690623979092,33.5175495326004,72.8417004166545,73.707943114811,78.9136921840927,81.934748539678,90.6319007983693,95.6641625165302,97.8583011798915,98.6028942032608,101.946834326053,98.7275961143795,104.324808600749,109.494438010074,109.483196535037
Lithuania,LTU,14.9635833784287,29.3065988564658,47.7702616790633,61.5697209895172,90.2411569191019,130.177002211556,142.817338651458,150.673002686121,156.243259326821,156.574818257672,156.571301071162,160.330869926468,164.532770806184,152.33457465868,144.085546648948,142.706637207078
Luxembourg,LUX,69.5418284212675,92.9272736359547,106.597314558985,120.494856054475,104.023956495853,111.392139646428,153.15086971651,144.189652048989,145.741643561703,145.079683000893,143.141513204657,147.126885550476,143.000110821639,144.729320147378,144.234571718232,142.357796594917
"Macao SAR, China",MAC,32.9576918493664,44.392475364145,61.5149165953807,79.1118925039172,91.7270650520837,110.402665788018,128.992743047109,157.6591382291,181.316151710515,197.478455701648,208.999215969637,246.286484941913,286.820992976387,299.083427543367,315.304502013482,315.520799012217
"Macedonia, FYR",MKD,5.68836835118996,10.9296264713571,17.831080447922,37.7905023117463,47.9133437398368,54.8959554854893,61.2579823521856,86.8782129677776,95.170355880734,93.9163198560915,103.993067209339,106.796041079279,107.78308573236,107.78089152827,107.073133750021,100.205597246776
Madagascar,MDG,0.400169825137698,0.907082078690201,0.972316506947133,1.64166725649151,1.87545950830638,2.78277079373611,5.53958238304668,11.4112711318478,24.18046406093,30.5496720059161,36.4592107278679,39.9227021733725,39.2838758766277,36.8497286677242,41.1783168497267,44.1269545608648
Malawi,MWI,0.430724851909764,0.476493269457756,0.716239969481537,1.09522110757937,1.75240086847326,3.22984918914231,4.61799762339881,7.59232969888163,10.5644963848256,16.892376701728,20.5534678855773,25.2858241095988,28.8675278253099,31.9116673092179,32.9988133931554,37.3668706714563
Malaysia,MYS,22.0902035435085,31.1617746759376,37.4109289915112,45.0570449164543,58.0397900080595,76.1709367014255,74.4493769518665,87.6854800288967,102.220240743735,109.196094109616,120.440921762009,128.029111656145,141.666280431132,144.76520534543,148.632310217372,143.552965182124
Maldives,MDV,2.72412120520429,6.58265598706742,14.2348500548683,21.993388681343,36.4811885717231,63.8635536764983,82.7968879344841,93.2957419585206,126.248934949312,129.13080640111,135.620324215181,141.403669651402,145.14309831876,157.313970664097,163.091951686112,176.812785759184
Mali,MLI,0.094805743050724,0.212489611058208,0.395001979993176,2.05931165415313,3.28328023146722,5.95359098375366,11.4382753421319,18.5066095060065,24.3210883183564,30.5378658697847,49.3554961713317,69.6347574790768,91.2921613302455,119.854285318602,138.570844774515,129.946407425504
Malta,MLT,28.8513315921627,59.980709248287,68.9900150260526,71.9206569265223,75.5707926035846,79.6436464292123,84.8757719127772,89.8143905791521,93.5718999922354,101.941334879059,109.485232270313,124.710600979523,126.483344384002,131.519730842111,128.352327466692,122.577499438749
Marshall Islands,MHL,0.856994957725416,0.937086790717284,1.05832278845048,1.14744032542789,1.23670161692975,1.26788973201422,,,,,,,,,29.3016749215471,29.2485941804733
Mauritania,MRT,0.564709217198607,3.9582130690583,8.6048862116059,11.868113436161,17.1682677566194,23.8160870342924,32.916368202349,42.6836700964329,61.3930103849081,62.2381561354914,76.908628045157,89.1624382140221,105.09730593835,101.064956654174,92.3573790822654,87.139786067181
Mauritius,MUS,15.1880149686325,22.8169964913809,28.9173348244151,38.2470880748788,45.0567872880708,53.7501135430928,62.8935964393721,75.2584262560266,83.3781841743639,87.3574786338527,95.4281204049826,103.443341968933,118.544309705586,122.170972444614,131.401132181426,139.925491640835
Mexico,MEX,13.8398793318968,21.1100979412745,24.8460686463539,28.4906956996862,35.937123684816,43.447753281144,50.3172535704515,59.5150542561539,66.2522175764421,72.0258082170965,77.8932133388418,79.4216470722311,83.3639322613367,87.115133516429,84.4847747895696,85.5409247888027
"Micronesia, Fed. Sts.",FSM,0,0,0.09347279474309,5.4944952067106,11.9932067894574,13.2716863158688,17.614776125052,26.1101277146501,26.3213308064856,26.4524817237399,26.5576744904262,26.6749139830672,30.156613817957,30.2723187595225,,21.5497017226356
Moldova,MDA,3.30866591971748,5.37569540593071,8.09806312095725,11.4089738199262,18.8894945368078,26.211613683434,32.7681658395119,45.6040220420772,58.943241297453,52.1579134969385,62.4459264224757,78.9053379533071,87.9858693675018,90.787492227338,91.8471996754743,91.3220674966429
Monaco,MCO,43.4106352471791,44.1965389369592,45.5852156057495,45.7929736130933,47.2774209041244,50.8714822596396,53.2056498488724,58.1014496881319,61.361671268792,62.9550555646795,63.1207203321292,84.7774488625757,87.8569727125956,93.3975928998446,88.3116542536452,88.8088338945885
Mongolia,MNG,6.44855587385857,8.05859715940649,8.83920383326806,12.918714154618,17.1695572629636,22.0549736665656,30.2930557010679,46.0931754428612,67.0886649105391,84.2870843450616,92.5467716071001,106.547019825342,119.933686917824,100.295457785297,103.534564840884,103.066267098036
Montenegro,MNE,,,,,78.642596460997,88.1295547609623,104.183823434202,145.282202607331,186.417044292947,207.780821126046,187.414402075975,185.319745597682,158.188241755084,158.493304034164,161.436669353837,160.446561324975
Morocco,MAR,8.11795759812581,16.3517458396718,21.0036348150714,24.6611899763761,30.9380358083367,40.6040974317087,51.8466798745915,64.1432662860657,72.2087498898229,79.1211081423613,98.6813799437877,111.245442358054,117.047407961933,125.422272654693,128.546035876947,123.780413835208
Mozambique,MOZ,0.282631639567367,0.821206021402829,1.33105304180461,2.21010237161604,3.48550328476685,7.18796524601791,10.856577407744,13.8801572191796,19.2806611773977,25.3815890562782,29.8255860880077,31.4982293800414,34.2918608479641,46.9135033735623,67.9199564374776,71.8830249492952
Myanmar,MMR,0.029063598494793,0.048621006513812,0.101785693830025,0.139668552333156,0.192313024664397,0.265455983870837,0.438545472084638,0.503626220232148,0.742501700493568,1.00802820201889,1.18430742419595,2.46002855892063,7.31490880117829,13.2801157887052,55.9071725000887,78.2268069817783
Namibia,NAM,4.31747783475327,5.51304408987193,7.64468717175624,11.2593535980992,14.2390510186002,22.0872888245031,29.6169640624711,38.4760915710498,49.9436235238265,76.3474712686707,89.7339830754152,99.0464975733666,94.827543559132,117.759095539862,112.652552180691,105.122773659372
Nauru,NRU,11.9557636744047,14.9224035017907,,,,,,,,,61.8453865336658,65.6347962382445,64.8978812750525,,,83.4813499111901
Nepal,NPL,0.043073326040437,0.071542751180925,0.089069019718117,0.328116055458816,0.461400799361535,0.886557939074551,4.4605799291289,12.4696321897282,15.8635079602139,20.9336166873894,34.0284771527451,48.8689031460181,60.0675119371933,76.3339373406977,81.2807404350371,96.021022545772
Netherlands,NLD,67.5302840830461,76.1637730883923,75.1069731238076,81.4766984975141,90.8690036127797,96.7425132695609,105.205391995315,116.828827623775,124.493518937536,121.1829534816,114.961909838669,118.475871604723,117.439325943417,115.601828750027,115.824428119107,122.85063747384
New Caledonia,NCL,23.4639758351302,31.2923884998157,36.1846866406137,43.1563463777519,50.8744642459248,57.702225316521,65.5571298665595,73.4396928317696,80.5928150098857,84.7146269597798,87.9595438122667,89.2612415916311,89.4395508663247,91.8327993921089,91.5641231351013,96.7245281336054
New Zealand,NZL,39.9585488361101,58.5475748944519,61.79340665108,64.6184836709664,74.1832126845206,85.3614744078804,90.8352936763916,100.426538056403,107.986186182677,108.708675091049,107.778791239117,109.090127230322,110.167482775979,105.500199556085,111.678016948781,121.35575178588
Nicaragua,NIC,1.79625351814555,3.22519237367054,4.58739757303837,8.90510923835486,13.9108345608031,20.8089002938657,33.5807182510916,45.3138893023785,55.554538684917,59.0225922827186,69.0560872318165,83.0524017617626,99.5680698738223,114.517654383881,117.523503919274,119.436191998237
Niger,NER,0.018109793795863,0.018059839741433,0.471415619954839,0.650753306307168,1.31348245891754,2.37804613432851,3.41775978370888,6.13566444951023,12.4610098482946,16.4348950193415,22.3348304698928,27.7936136463737,30.4288933552317,38.0232201976602,43.0139220780794,45.0269676807493
Nigeria,NGA,0.024519417576543,0.212381401899138,1.21946850121527,2.38646097669429,6.75601204121766,13.3777672606486,22.6641007865604,27.5894222518824,41.8953012752666,48.2624426140716,55.0502877566554,58.428914821629,67.4116054388546,74.0537788249074,78.7486822405164,83.2479507427636
Northern Mariana Islands,MNP,4.34191101977017,19.0234622701332,24.9218329624944,27.6156150811308,31.1804212417952,,,,,,,,,,,
Norway,NOR,71.6545238474657,79.4358792388924,83.369647157216,88.8563416253365,98.4023362114073,102.635565771602,104.19094941869,106.737832990935,109.217361161032,110.925094982992,114.601428852706,115.721820399608,115.672264623733,112.112246732929,111.626728421685,109.90519701006
Oman,OMN,7.14288548764082,14.0753804165703,19.8347673912997,24.9029977926888,32.9800458206173,53.0896929002827,70.3844496554576,93.8874747348806,116.684764919642,137.726079817076,151.444799537064,148.558846533559,152.32707891489,151.352681045653,156.381880495086,158.26084989559
Pakistan,PAK,0.221257386438677,0.524433943421069,1.17420487569443,1.62785689680903,3.3312760353972,8.29785630034532,21.9655483580457,39.2038583404559,53.7871340614881,56.4754667446635,58.1529890722091,62.516851335567,67.5342598503718,70.2963303121614,73.1688330419945,66.4797217018839
Palau,PLW,,,12.55747420047,19.9187817258883,19.8141789537467,30.3978699889481,41.7049770137917,53.1467488566315,57.6774767648804,62.6487071084456,70.8939912066439,74.9793679304821,82.6235668176125,85.7791586998088,90.6134445813975,111.532318677189
Panama,PAN,13.5430364905405,15.3783040595737,16.6973881207202,21.5758322858156,38.5359290493681,52.5073826027296,64.1070725742614,87.16859396023,111.346632281726,169.489535213451,182.430496961206,181.656553702456,164.68767840871,161.643804211166,176.898431500523,144.66033750969
Papua New Guinea,PNG,0.15361914869867,0.187188864116979,0.255871570212182,0.291146291195536,0.784076388980181,1.1877031863226,1.54553007972462,4.52630552984782,12.8772052398144,20.40384043232,26.8572567692223,33.0153405779996,36.4561941617336,39.5107775523468,43.3083175977673,44.9504881736655
Paraguay,PRY,15.4790955550946,21.2702048450197,30.2620388333829,31.5684875935057,30.6649321322501,32.5597783381365,54.9541748515502,78.6831360009011,95.7606575166315,91.6904121307404,95.345817638578,103.738133329351,106.497409792641,109.087235181124,111.486964531855,111.641107803611
Peru,PER,4.91554292034317,6.82860215595055,8.67223976782935,10.8782073684138,15.0057892009275,20.2219235426059,32.6297612617757,54.4919145996688,73.1507877597848,85.1692327574564,99.119969648984,109.077375667041,97.4439143570108,97.472923585366,102.927319398474,109.112308313396
Philippines,PHL,8.27571375054655,15.262806655569,18.9091720603019,27.1095149705859,38.8952068384117,40.3121444006511,48.8204016017917,64.220599956391,75.0586974169478,81.9626171639505,88.715601236208,98.8579255596836,105.277051928774,104.409516139108,111.212331503161,115.849677631501
Poland,POL,17.5017207950248,25.9699400412808,36.1144905404964,45.2699101684323,60.1521650681609,76.028060719242,95.8384483924743,107.981273473219,114.613373291215,116.912678373077,122.51550893107,130.895048079057,141.153114130592,148.717356978047,148.604749790171,142.524259493463
Portugal,PRT,64.3638406017045,76.7121613429812,83.0168098028394,95.3809213269658,100.406828549577,108.343868185831,115.34429734628,126.785153883493,131.89125448421,110.641636468287,114.626446198908,116.086700366012,112.623006947481,113.899737016933,113.603630464147,112.441554534911
Puerto Rico,PRI,34.7144320336942,42.8473907387733,43.3856652269161,45.1265133600263,48.9340923360306,52.9416670052762,58.556027475072,64.9224165598204,68.087027422327,72.785267868045,78.9408218542667,83.8517781571218,82.4782776608243,83.6372370600883,87.1793659655801,87.2408899080171
Qatar,QAT,20.405661635715,28.8430925649148,41.3070986387551,54.6823490457256,64.6148473687332,82.8759005761606,91.0322036615854,106.268571904108,102.889425353873,122.504054614717,122.856463760819,117.938591862725,123.305340240277,147.09587717782,139.226564477457,150.731824081749
Romania,ROU,11.2933186214396,17.4904129728097,23.384428119639,32.3987493349301,47.3128174099368,62.3121962755106,75.2732946392855,96.9760998123655,117.525100998584,121.738552635312,119.176058997433,115.409442098832,113.230436083427,114.160706283538,114.756435973519,116.317557194455
Russian Federation,RUS,2.22901482476557,5.31530105188727,12.1276698995492,24.9923652015865,51.1801333874305,83.5548785134696,105.129023559684,119.594711963331,139.444992932678,160.769833471315,166.037582959075,142.221119099379,145.07334884403,152.022690131279,153.748076204445,157.961804793678
Rwanda,RWA,0.485938739572097,0.780367771723458,0.965194720604765,1.50593075437316,1.55663622060959,2.47981062609163,3.41278737598544,6.72287471201077,13.6239593686513,24.3474332008412,34.6327287958573,42.2799922138221,52.746580197172,60.4524782354981,68.2836071178721,75.3220609596947
Samoa,WSM,1.43176221293168,1.42396591595184,1.52903466944536,5.91009895194245,8.94949687047281,13.3385946678968,25.1250731664219,47.1786094379162,,,48.333825622298,,53.0154233220927,52.3634781423486,55.3975765770451,62.1994333166459
San Marino,SMR,52.8959077977971,57.1068366832361,59.596031435582,59.3107320839475,59.1872791519435,58.6525307797538,58.7222259742014,58.3780898688995,80.3993278639913,97.4807147739479,98.318868531019,112.573006602336,112.803158488438,113.859393864347,115.136111706525,111.116504854369
Sao Tome and Principe,STP,0,0,1.36656336919987,3.24791739681341,5.09643414117353,7.68039581057637,11.5635669813216,18.4542093549396,30.2858375321275,47.3201688396082,58.7780931020277,64.3389261744966,66.8011744828831,67.004731481729,67.1839218679744,94.588679283877
Saudi Arabia,SAU,6.62618149833233,11.869547633094,22.8608353356485,32.0894113318046,39.501517291614,59.2503514022248,80.1520007424435,112.463805167704,138.777684702497,168.273984816754,188.014964517192,191.231538188584,182.216012820031,177.34155708719,171.347032994612,167.303055054665
Senegal,SEN,2.53186648552638,2.97805603968307,5.32323169464322,7.33224377494497,10.2347547596081,15.3769895761064,25.80846384061,30.5789073990212,44.1588986260768,54.9879502828359,64.5987075639492,70.3175045917911,83.7058789231637,93.0132744866972,98.8561753722352,99.8830406154933
Serbia,SRB,,,,,51.0850483720467,73.7200175354083,89.3758549177073,114.29611072521,130.694616797607,135.323308847551,136.015037810579,141.147922883115,127.566510066187,129.29784849295,132.218642775475,130.347382257726
Seychelles,SYC,31.9909797784377,44.4281613719767,53.1228103511751,57.3029915027354,62.1473640894335,66.264761561345,78.4528045148842,85.5971909925676,103.07654985334,121.567765889668,128.643947267655,137.850904893612,147.889689548681,147.458632027165,162.283655392798,158.140427983188
Sierra Leone,SLE,0.261595597306661,0.567507190640003,1.35156507200816,2.17738115363467,,,,12.9001863046236,16.3623541288344,18.3827607737241,30.9658879778037,32.3215297990288,32.6628193511095,57.7861073241146,67.1943939127258,78.1674790400752
Singapore,SGP,70.1948921297101,74.440520367007,80.1944612810587,84.17866963814,91.319530256016,97.6299041514196,103.831370187695,125.178340202108,132.233680999541,138.652201039247,145.530809270017,150.584899547277,153.05756562659,157.402659323535,148.738827334995,148.73912020786
Sint Maarten (Dutch part),SXM,,,,,,,,,,,,,195.941137961461,,,
Slovak Republic,SVK,23.035513892678,39.7653447051726,54.1351783671355,68.1268826786343,79.1782226939602,84.0971497674646,90.639896964754,112.406383015772,102.244679243158,101.796057154612,109.635264106653,110.595715553508,112.50484117798,114.438031899696,117.398889457652,122.727757413705
Slovenia,SVN,61.1315871921485,73.9349580984022,83.8537538274595,87.4397488140817,92.8296249428802,88.1254693101823,90.8064763241276,95.772269620802,101.499650784525,103.19397825711,103.754312604148,105.605823604924,108.773581700552,110.524756802488,112.339938527509,113.453808292703
Solomon Islands,SLB,0.278956590864475,0.228145135223769,0.229516934627879,0.23725907571922,0.654558783742505,1.27690817966098,1.45402578195429,2.21122246115146,5.94675277564686,9.68843917307234,21.883703745808,50.9386339123892,54.7833213364253,57.3376301877685,65.4549751174623,72.2936192087587
Somalia,SOM,0.887756604659457,0.914881275856832,1.04556936322839,2.03326482247514,4.94255368700666,4.80310857186771,5.13140262599063,5.43547385917557,5.51486303965178,5.47489364100926,5.37781471395659,14.5105997916117,18.0197458808428,39.4674250585329,40.7011701586421,41.9610718307258
South Africa,ZAF,18.2359660529805,23.2553597168878,29.1369659189575,35.3839463539078,43.1919692244524,69.560734072303,80.3450538687839,84.791321441875,89.2642324231139,91.1031092339935,97.6491791756011,122.456361336271,129.049634182949,142.95890022273,145.363686487376,159.156343524673
South Sudan,SSD,,,,,,,,,,,14.899884694759,17.22676461167,21.2603544859071,25.5265538148547,24.9423660852152,24.3979701966044
Spain,ESP,59.3223900882734,71.6458620138242,79.8632409459261,87.2611181390766,89.0913401532785,96.9381552855424,102.167730503463,106.671854152604,107.881969413932,109.847262909826,109.833130399415,112.111433384259,108.126133065332,107.411814490579,109.209492137959,110.065390361032
Sri Lanka,LKA,2.29050910507744,3.53016493264388,4.88686887766077,7.25152608802972,11.4138787597165,17.2181874744617,27.5162910544001,40.2986927981516,55.5627561688076,81.2221526722227,85.9441955490133,90.176872606112,94.6549092501648,98.9668212953982,107.270498930253,115.378950702036
St. Kitts and Nevis,KNA,2.64468638427293,4.5662100456621,10.7201818142836,46.5057286602122,60.4531904692418,104.914525518915,103.637472058525,129.562300383665,148.017166017643,148.370868215226,155.50588006609,148.059839249317,144.511418303512,144.82123041622,120.954986136698,134.484600648394
St. Lucia,LCA,1.59287411834418,1.70385702746365,8.95889536375757,61.500997061619,62.2492311295462,64.5369363646359,63.8425217796103,87.8724116493711,103.442264507741,110.943621288489,114.852242438289,124.562796263059,123.54505676781,120.723556871229,106.762233520953,105.945058293737
St. Martin (French part),MAF,,,,,,,,,,,,,,,,
St. Vincent and the Grenadines,VCT,2.18817772340544,6.93780790458199,9.23011484474692,58.0627595754499,66.3233817555431,64.9415140145663,80.4668203145803,101.324199657029,119.175559932213,110.856452454395,120.560764762384,120.548559094942,116.156885701742,114.688986461764,105.175708916667,103.577726006121
Sudan,SDN,0.084402012657733,0.371608450240034,0.665205347431176,1.79111972763639,3.4736174218664,5.91338342879707,14.816709960786,25.456781170098,36.3868563835301,45.5857736227675,52.6180726711071,71.2485036531365,76.8503680113738,75.0554587394197,73.6569905177321,72.2900264214243
Suriname,SUR,8.68943034357205,18.2107422447356,22.4333601079819,34.509718797867,43.1130603893605,46.6553494766969,63.4534123063927,74.5529276738506,127.556740975409,146.731486941506,99.06159060108,100.36362678686,105.956687774751,160.098794558927,169.328816924851,135.65566658472
Eswatini,SWZ,3.10890201117697,5.12616422179701,6.29087915036126,7.81686824990436,13.2413682260128,18.0852593380976,22.3111893291829,33.3791857938185,45.8749138189157,56.2756050564296,60.3405431964105,62.5615176558733,64.4950398907831,70.2344398862407,70.7900643735566,71.3413307394707
Sweden,SWE,71.7468845843786,80.671690159571,89.1074169789929,98.3195742531187,97.7127432210325,100.723307078965,105.614788664885,110.406894153085,108.413113071607,112.0956102543,117.062942856826,121.005521719453,124.185771855862,124.951215501796,127.072507042765,129.448894947696
Switzerland,CHE,64.71825316544,73.2475597641713,79.1878948314406,84.8750797632384,85.4029134994373,92.2260316305341,99.3951672459472,108.577980037453,116.355931438628,120.490965613873,123.138313459026,127.138723152277,131.492890021627,135.854910697269,135.486058970581,135.138487619067
Syrian Arab Republic,SYR,0.18280590984695,1.19282641351868,2.34083753177175,6.80437496619345,13.1748620935631,16.1249670736372,24.7158640478389,31.7564488743993,34.7158878652731,48.1244297389667,55.6453321816044,61.9104885627598,63.562950165129,62.0478697183285,73.1119262577012,76.3932795896789
Tajikistan,TJK,0.018660903235978,0.025762095738586,0.204724546224941,0.724006241868291,2.0110710204517,3.86625613348709,30.7118419291494,29.8190044299908,50.2552215349189,65.5709712760338,77.7431254850078,80.9114798471689,81.6503987086029,92.165273118998,95.6516072174866,99.3022173907907
Tanzania,TZA,0.323359658812521,0.784690750658534,1.68077944689674,3.49403075263899,5.07712630677179,7.52082976776901,13.8033891417801,19.6833701402655,30.0595093928969,39.1129223740581,45.5195105637827,53.9541062307374,55.455625498989,54.195632624982,60.9988243676844,73.6184700370121
Thailand,THA,4.85402805148529,11.8816576822974,27.234319191729,33.4860600624411,41.4840346018277,46.5571557988044,60.9585713842108,80.0264398178036,92.9242734623513,98.6101554252366,106.721577326591,114.688065904804,125.305150513062,137.723479271148,141.918417314398,149.935331267041
Timor-Leste,TLS,,,,2.08752232393751,2.58072154253345,3.22187194344968,4.68233994932392,7.34431764936764,11.5945497212715,32.132257529846,42.630122270278,54.2764928331108,53.6844289221619,54.8816835336374,113.434459034939,110.934288064968
Togo,TGO,1.00596193399803,1.85845607294538,3.1446040272137,4.51854721991557,6.0088374982248,7.63002906074463,12.1278730040399,19.8473001149668,25.1475706109063,34.5524630706841,40.016949225521,40.3536637620631,48.2870135091833,60.5285315183358,62.4729160600173,65.4622571830824
Tonga,TON,0.183519911910442,0.239324213323057,3.38159380545249,11.2236819689545,16.333685237934,29.5642363001158,29.5518689337096,45.453657297498,48.9995631280035,51.1563260105787,52.1428502837608,52.5928263384874,53.3582338424598,54.5913717150235,64.2831483617251,69.0957466812079
Trinidad and Tobago,TTO,12.765145301518,20.1281063833132,20.563812129403,26.1945777896845,50.4588407133476,71.2526620475676,116.54890019829,115.317049325573,137.308685299672,139.703378737275,142.62781417062,136.815734034169,140.406965476734,144.177703211872,146.221944299454,156.119880125756
Tunisia,TUN,1.22860686302175,3.97731342905327,5.82233393340812,19.291671219128,37.2913135590048,56.2309935320845,71.978708404831,76.1560763664164,82.654811951877,93.1113910369618,104.457500711236,115.111220431192,117.978145379284,115.41420908583,128.174362171691,129.468812305071
Turkey,TUR,25.5113442936012,30.491427880282,35.8029238236206,42.1989803165439,51.7962394110362,64.2220583161911,76.5853581567114,89.04917851604,93.4470188769931,88.001501559066,85.4033880112734,88.9827407109888,90.7612548108742,91.9165581403953,93.324457902641,94.0818654847835
Turkmenistan,TKM,0.166071356211766,0.179072233615537,0.177288426339078,0.197326268793732,1.06518733902596,2.20836862341447,4.50859180828693,7.83694586004459,22.9984752101094,42.5900817699857,62.8561431511575,102.43404552053,112.000385736922,114.144312714383,131.829167429683,140.909250992402
Turks and Caicos Islands,TCA,,,41.6337043510257,82.7039726612559,100.227744925683,,,,,,,,,,,
Tuvalu,TUV,0,0,0,0,5.05356781888013,12.96499451481,15.7837624543751,17.5729766669921,,9.57762666411263,15.1932390086412,20.0414000752729,26.1072261072261,31.4261946575469,34.8368170150348,59.9945459503681
Uganda,UGA,0.527940236464712,1.14070099359112,1.52931513309253,2.9152084408458,4.22597422646682,4.60798334077216,6.79787816597814,13.714322364335,27.0177239086435,28.6334799986391,37.8246017787989,47.5783879749407,45.0504831106551,48.1141285421319,52.444476959462,50.3682612498185
Ukraine,UKR,1.67592702664619,4.59600703553104,7.69639725156479,13.657727308332,29.0897362980988,64.0053648197035,105.276792245749,119.08760668951,120.558086000585,119.456421121144,117.767819669863,121.941606633464,130.859020572585,138.441124320457,144.278847394403,143.983655408638
United Arab Emirates,ARE,45.2662107657076,57.4048295386214,69.2304073411739,79.4330575756053,90.0973377486068,99.0082239305855,105.289189383048,127.918965822186,135.731906952403,139.203377651002,132.105385721423,135.225538269064,154.770234728502,178.359736996355,185.418042178328,196.001399123603
United Kingdom,GBR,73.7088633568087,78.2476992178933,82.9467033731834,91.0641470923019,99.6723455670925,108.600414943555,115.254437044767,120.225708324364,120.724064372411,121.935386072202,121.203053831005,120.921520540642,121.912766829369,121.708890828143,120.679621837721,121.183993230279
United States,USA,38.8243678484507,45.1110835155321,49.3205645290249,55.3867930869923,63.1774892595294,69.0205483727633,77.0916423137437,82.9354629527902,86.1312908462937,89.6126045826433,92.3784068871048,95.6125019258475,97.2880745755963,98.4665250134029,111.891403183316,119.497390487961
Uruguay,URY,12.3684642355502,15.6289420555961,15.4315814209683,14.9604421649146,18.0430408748724,34.7281342501771,69.948391539827,89.9567661085096,104.685175944783,122.267604984603,131.494140465829,140.518409604847,147.06467336537,154.575682840841,160.755082692264,150.528798631057
Uzbekistan,UZB,0.21380406069962,0.508215506210427,0.732599985982999,1.2419930904589,2.07986704752838,2.7157325100037,9.40996746666256,20.8536560119814,44.6505705675368,58.3119714628568,73.2426227598724,87.5244012155679,68.6307647733125,71.6195553231751,70.9490853295277,70.3231057339482
Vanuatu,VUT,0.197230132441385,0.184901473928892,2.5263461816082,3.92030719125068,5.14541277437874,6.06199551034055,6.98864112861895,11.8207071510732,15.9758587024053,57.0583010160972,71.9164603567574,56.6235720694089,59.027415802978,50.2658586880091,60.2862661773228,66.0680339981028
"Venezuela, RB",VEN,22.2439414023164,25.9438051446509,25.7466694478663,27.1183669821427,31.9858245599375,46.6533971327308,68.9795885101924,86.0182114198108,97.4154938253377,98.3777669563533,96.0455432856921,97.6876581777643,102.261369520973,101.907229695195,99.315656798807,93.3827374968119
Vietnam,VNM,0.982192788287388,1.54202150485262,2.3212168563185,3.3136887903854,5.93815142329229,11.3786403165324,22.2017333951923,52.4208440161375,86.3501428204828,112.172127516064,126.107192480304,142.355570721102,145.573229151531,135.233479302354,147.115726455635,128.590399688401
Virgin Islands (U.S.),VIR,32.1921966115414,37.7219615420002,41.5910535479057,45.4998523331364,59.3971467165035,74.4946332322136,,,,,,,,,,
West Bank and Gaza,PSE,0.219546392827324,5.31744616547034,7.44594115089778,7.67528123555023,12.4606989473011,15.8712812869634,22.4574604924409,27.2259457027516,34.1199436182446,45.4776977370298,64.0199526461526,69.0368580060423,72.9855458490882,72.2647851106454,70.4705862906825,75.725666776184
"Yemen, Rep.",YEM,0.179258701882127,0.803892956740122,2.57234735185919,3.46911425630326,7.37370727820878,11.0652824061418,14.0723339023486,19.9939268849356,28.8284455214618,36.1829192159854,46.9568508266206,48.1110872965536,55.8009526226227,65.8605252154708,65.151973455181,55.8100664034869
Zambia,ZMB,0.938666086297116,1.1197209936138,1.25078133367217,2.10996618450875,3.95809796768529,7.87874800160237,13.4318670263511,20.7373203811355,27.0513923276385,32.7478109514591,39.3283611670817,57.2358405569643,71.5967422173306,68.6046124880471,64.7518330163023,71.7844945653224
Zimbabwe,ZWE,2.17996668535117,2.53920273585222,2.71011817503665,2.87837553211016,3.33198695739726,5.0008377104477,6.47004514614035,9.19476644589247,12.2043351649806,28.8980948617797,54.6629754250171,63.9481786203306,85.7459329612083,90.5587137831025,76.5565845373718,80.8584986256652
